<?xml version="1.0" encoding="UTF-8"?>
<window type="window" id="1190">
    <include>Action_Blur_Onload</include>
    <onload>ClearProperty(Background.HideArtwork,Home)</onload>
    <controls>

        <include>Background</include>

        <control type="group">
            <visible>!$EXP[Exp_InfoDialogs]</visible>
            <include content="Furniture_Top_Left">
                <param name="label">$LOCALIZE[19033]</param>
            </include>
            <include>Furniture_Top_Right</include>
            <include>Furniture_Bottom</include>
            <include content="Furniture_Busy">
                <param name="hasspinner">true</param>
                <param name="spinspinner">true</param>
                <param name="icon">special://skin/extras/icons/kodi.png</param>
                <param name="spinnervisible">[!Window.IsActive(DialogVolumeBar.xml) | Player.Muted]</param>
                <param name="visible_delay">400</param>
                <param name="windowopen_condition">False</param>
                <param name="haslabel">false</param>
                <param name="visible">[[!Window.IsActive(DialogVolumeBar.xml) | Player.Muted]]</param>
            </include>
        </control>

    </controls>
</window>