<?xml version="1.0" encoding="UTF-8"?>
<window type="window" id="1109">
    <include content="Action_Hubs_Onload" condition="!Integer.IsEqual(Skin.String(Hub.Home.ReplaceWindow),1109)">
        <param name="window_id">1109</param>
        <param name="property_window_id">1109</param>
    </include>
    <onload condition="Integer.IsEqual(Skin.String(Hub.Home.ReplaceWindow),1109)">ReplaceWindow(Home)</onload>
    <controls>
        <include content="Hub_Controls" condition="!Integer.IsEqual(Skin.String(Hub.Home.ReplaceWindow),1109)">
            <param name="window_id">1109</param>
            <param name="property_window_id">1109</param>
            <param name="widgets_only">Skin.HasSetting(Hub.1109.DisableSubmenu)</param>
            <param name="widgets_include">skinvariables-1109menu-widgetsonly</param>
            <param name="categories">1109menu</param>
        </include>
    </controls>
</window>