<?xml version="1.0" encoding="UTF-8"?>
<window type="dialog" id="1140">
    <defaultcontrol always="true">7000</defaultcontrol>
    <onload>CancelAlarm(osd_timeout,true)</onload>
    <include>Animation_OSD_Dialog_WindowChange</include>
    <controls>

        <include content="Defs_TMDbHelper_Loader">
            <param name="label">$VAR[Label_Title]</param>
        </include>

        <control type="group">
            <visible>!Window.IsActive(pvrchannelguide)</visible>
            <visible>!Window.IsActive(pvrosdchannels)</visible>
            <visible>!Window.IsActive(videobookmarks)</visible>
            <visible>!Window.IsActive(1141)</visible>

            <include>Animation_OSD_Dialog_VisibleChange</include>
            <include content="OSD_CastInfo_ExpandGroup">

                <include content="OSD_Info_Viewline">
                    <param name="label">$LOCALIZE[559]</param>
                </include>

                <!-- Episodes List -->
                <include content="List_Landscape_Row">
                    <param name="orientation">horizontal</param>
                    <param name="control">fixedlist</param>
                    <param name="id">7000</param>
                    <include content="Object_ContentDynamic" condition="VideoPlayer.Content(livetv)">
                        <param name="sortby">lastplayed</param>
                        <param name="sortorder">descending</param>
                        <param name="content">pvr://channels/tv/*</param>
                    </include>
                    <include content="Object_ContentDynamic" condition="!VideoPlayer.Content(livetv)">
                        <param name="content">$VAR[Path_OSD_Episodes]</param>
                    </include>
                    <include>OSD_List_Dimensions</include>
                    <onup>Close</onup>
                    <ondown>ActivateWindow($VAR[Action_OSD_1140_OnDown])</ondown>
                    <onfocus>SetProperty(TMDbHelper.WidgetContainer,7000,1140)</onfocus>
                    <onunfocus>ClearProperty(TMDbHelper.WidgetContainer,1140)</onunfocus>
                    <include content="Animation_ConditionalFade">
                        <param name="condition">Container(7000).IsUpdating</param>
                    </include>
                </include>

                <!-- Playing Icon and Details -->
                <include content="OSD_Info_Tray">
                    <param name="icon">$VAR[Image_OSD_7000_Poster]</param>
                    <param name="role">$VAR[Label_OSD_7000_Title]</param>
                    <param name="name">$VAR[Label_OSD_7000_SubLabel]</param>
                    <param name="text">$INFO[Container(7000).ListItem..Plot]</param>
                </include>

                <include content="Widget_Busy">
                    <param name="label">$PARAM[label]</param>
                    <param name="visible">Container(7000).IsUpdating</param>
                    <param name="include">List_Landscape_Row</param>
                    <left>view_pad</left>
                    <top>-150</top>
                </include>

            </include>
        </control>
    </controls>
</window>
