<?xml version="1.0" encoding="UTF-8"?>
<window type="dialog">
    <defaultcontrol>996</defaultcontrol>
    <coordinates>
        <origin x="0" y="0" />
    </coordinates>
    <onload>AlarmClock(Refocus,SetFocus(1001),00:00,silent)</onload>
    <controls>

        <!-- Small Menu -->
        <include content="Dialog_ContextMenu" condition="![Window.IsVisible(MyVideoNav.xml) | Window.IsVisible(MyMusicNav.xml) | Window.IsVisible(home) | Window.IsVisible(1101) | Window.IsVisible(1102) | Window.IsVisible(1103) | Window.IsVisible(1104) | Window.IsVisible(1105) | Window.IsVisible(1106) | Window.IsVisible(1107) | Window.IsVisible(1108) | Window.IsVisible(1109) | Window.IsVisible(1130) | Window.IsVisible(1131) | Window.IsVisible(1132) | Window.IsVisible(1185)]">
            <param name="include_fullmenu">false</param>
            <param name="dialog_size">Dimension_DialogSideMenu</param>
            <param name="button_width">dialog_main_button_w</param>
            <param name="lines_right">0</param>
            <param name="header">$LOCALIZE[10106]</param>
        </include>

        <!-- Large Menu -->
        <include content="Dialog_ContextMenu" condition="[Window.IsVisible(MyVideoNav.xml) | Window.IsVisible(MyMusicNav.xml) | Window.IsVisible(home) | Window.IsVisible(1101) | Window.IsVisible(1102) | Window.IsVisible(1103) | Window.IsVisible(1104) | Window.IsVisible(1105) | Window.IsVisible(1106) | Window.IsVisible(1107) | Window.IsVisible(1108) | Window.IsVisible(1109) | Window.IsVisible(1130) | Window.IsVisible(1131) | Window.IsVisible(1132) | Window.IsVisible(1185)]">
            <param name="include_fullmenu">true</param>
            <param name="dialog_size">Dimension_DialogHugeMenu</param>
            <param name="button_width">764</param>
            <param name="lines_right">476</param>
        </include>
    </controls>
</window>