<?xml version="1.0" encoding="UTF-8"?>
<window>
    <include>View_MediaWindows_ID</include>
    <defaultcontrol always="true">50</defaultcontrol>
    <menucontrol>8000</menucontrol>
    <include content="_Action_Blur_Onload">
        <param name="sourceimage">Art(fanart)|Property(fanart)|PicturePath|Art(thumb)</param>
    </include>
    <include>Action_Media_Onload</include>
    <controls>

        <include>Defs_TMDbHelper_Loader</include>
        <include>View_Main</include>
    </controls>
</window>
