<?xml version="1.0" encoding="UTF-8" standalone="yes"?>
<addon id="repository.fanky_oo" name="Fankyy Repository" version="1.0" provider-name="jaisonerick">
    <extension point="xbmc.addon.repository" name="Fankyy Repository">
        <dir>
            <info compressed="false">https://raw.githubusercontent.com/jaisonerick/repository.fanky_oo/main/repo/zips/addons.xml</info>
            <checksum>https://raw.githubusercontent.com/jaisonerick/repository.fanky_oo/main/repo/zips/addons.xml.md5</checksum>
            <datadir zip="true">https://raw.githubusercontent.com/jaisonerick/repository.fanky_oo/main/repo/zips/</datadir>
        </dir>
        <dir minversion="20.0.0">
          <info compressed="false">https://raw.githubusercontent.com/jaisonerick/repository.fanky_oo/master/omega/zips/addons.xml</info>
          <checksum>https://raw.githubusercontent.com/jaisonerick/repository.fanky_oo/master/omega/zips/addons.xml.md5</checksum>
          <datadir zip="true">https://raw.githubusercontent.com/jaisonerick/repository.fanky_oo/master/omega/zips/</datadir>
        </dir>
    </extension>
    <extension point="xbmc.addon.metadata">
        <summary>Fankyy Repository</summary>
        <description>A repository for addons</description>
        <disclaimer></disclaimer>
        <platform>all</platform>
        <assets>
            <icon>icon.png</icon>
            <fanart>fanart.jpg</fanart>
        </assets>
    </extension>
</addon>
